[
  {
    "id": "80f3f54e-a54b-4973-8936-317031c8bdd5",
    "data": [
      {
        "text": "start your av streaming",
        "userDefined": false
      }
    ],
    "isTemplate": false,
    "count": 0,
    "updated": 0
  },
  {
    "id": "3ad066ff-5022-49f8-9a83-f99789b218a5",
    "data": [
      {
        "text": "enable your av streaming",
        "userDefined": false
      }
    ],
    "isTemplate": false,
    "count": 0,
    "updated": 0
  },
  {
    "id": "bb384ec8-cc3b-449a-bb33-11260e3bfac6",
    "data": [
      {
        "text": "activate your av streaming",
        "userDefined": false
      }
    ],
    "isTemplate": false,
    "count": 0,
    "updated": 0
  },
  {
    "id": "c2e05cd9-95dc-43e6-bd90-f90ee533892b",
    "data": [
      {
        "text": "turn on your av streaming",
        "userDefined": false
      }
    ],
    "isTemplate": false,
    "count": 0,
    "updated": 0
  }
]