[
  {
    "id": "fe2562aa-f1ce-46b0-9fe4-975495cd0fee",
    "data": [
      {
        "text": "what time is it?",
        "userDefined": false
      }
    ],
    "isTemplate": false,
    "count": 0,
    "updated": 0
  },
  {
    "id": "93d6d5ae-f0df-476f-8a8c-959325f614f7",
    "data": [
      {
        "text": "tell the time",
        "userDefined": false
      }
    ],
    "isTemplate": false,
    "count": 0,
    "updated": 0
  },
  {
    "id": "c7d1e881-0c18-40a0-a733-b5582b72a4e2",
    "data": [
      {
        "text": "tell me ",
        "userDefined": false
      },
      {
        "text": "the current time",
        "alias": "date-time",
        "meta": "@sys.date-time",
        "userDefined": false
      }
    ],
    "isTemplate": false,
    "count": 0,
    "updated": 0
  },
  {
    "id": "024bdbdb-00cb-44d4-95a8-2837df4bd77e",
    "data": [
      {
        "text": "what is the current time?",
        "userDefined": false
      }
    ],
    "isTemplate": false,
    "count": 0,
    "updated": 0
  }
]