[
  {
    "id": "2f28a11d-3043-435f-8c20-8763363f34a9",
    "data": [
      {
        "text": "how far is ",
        "userDefined": false
      },
      {
        "text": "richmond",
        "alias": "to-location",
        "meta": "@sys.geo-city",
        "userDefined": false
      }
    ],
    "isTemplate": false,
    "count": 1,
    "updated": 0
  },
  {
    "id": "8a2c4e0d-9336-4bad-a7c5-a744b3156fc1",
    "data": [
      {
        "text": "how far to chilliwack?",
        "userDefined": false
      }
    ],
    "isTemplate": false,
    "count": 0,
    "updated": 0
  },
  {
    "id": "28214fc4-0f77-435b-a263-0cd032b6ce9a",
    "data": [
      {
        "text": "how far to ",
        "userDefined": false
      },
      {
        "text": "Richmond",
        "alias": "to-location",
        "meta": "@sys.geo-city",
        "userDefined": false
      }
    ],
    "isTemplate": false,
    "count": 1,
    "updated": 0
  },
  {
    "id": "c8a8f927-eb66-4f78-ab24-71d59211792b",
    "data": [
      {
        "text": "how long to ",
        "userDefined": false
      },
      {
        "text": "Burnaby",
        "alias": "to-location",
        "meta": "@sys.geo-city",
        "userDefined": true
      },
      {
        "text": "?",
        "userDefined": false
      }
    ],
    "isTemplate": false,
    "count": 0,
    "updated": 0
  },
  {
    "id": "93973c15-82f7-474f-8bee-66295c5c354d",
    "data": [
      {
        "text": "what is the time to drive to ",
        "userDefined": false
      },
      {
        "text": "Burnaby",
        "alias": "to-location",
        "meta": "@sys.geo-city",
        "userDefined": true
      },
      {
        "text": "?",
        "userDefined": false
      }
    ],
    "isTemplate": false,
    "count": 0,
    "updated": 0
  },
  {
    "id": "98d5a896-f9a5-4c33-bac0-72ece1bd6467",
    "data": [
      {
        "text": "how log does it take to drive to ",
        "userDefined": false
      },
      {
        "text": "Burnaby",
        "alias": "to-location",
        "meta": "@sys.geo-city",
        "userDefined": true
      },
      {
        "text": "?",
        "userDefined": false
      }
    ],
    "isTemplate": false,
    "count": 0,
    "updated": 0
  },
  {
    "id": "1e7949f8-baa7-42b6-8976-ffc1776753a9",
    "data": [
      {
        "text": "what is the distance to ",
        "userDefined": false
      },
      {
        "text": "Vancouver",
        "alias": "to-location",
        "meta": "@sys.geo-city",
        "userDefined": false
      },
      {
        "text": "?",
        "userDefined": false
      }
    ],
    "isTemplate": false,
    "count": 0,
    "updated": 0
  },
  {
    "id": "c5f647db-37c1-4394-93d0-57f3052b7ee2",
    "data": [
      {
        "text": "how far is ",
        "userDefined": false
      },
      {
        "text": "Vancouver",
        "alias": "to-location",
        "meta": "@sys.geo-city",
        "userDefined": false
      },
      {
        "text": "?",
        "userDefined": false
      }
    ],
    "isTemplate": false,
    "count": 0,
    "updated": 0
  },
  {
    "id": "5799d283-a18a-4c8b-a9c9-a99934bc1a9e",
    "data": [
      {
        "text": "how long does it take to go to ",
        "userDefined": false
      },
      {
        "text": "Vancouver",
        "alias": "to-location",
        "meta": "@sys.geo-city",
        "userDefined": false
      },
      {
        "text": "?",
        "userDefined": false
      }
    ],
    "isTemplate": false,
    "count": 0,
    "updated": 0
  }
]