[
  {
    "id": "ff2f3005-d989-4476-a666-5b25e833acfb",
    "data": [
      {
        "text": "activate personal greetings",
        "userDefined": false
      }
    ],
    "isTemplate": false,
    "count": 0,
    "updated": 0
  },
  {
    "id": "2637615e-d21e-4a42-bb50-4bd7aa879ec4",
    "data": [
      {
        "text": "start personal greetings",
        "userDefined": false
      }
    ],
    "isTemplate": false,
    "count": 0,
    "updated": 0
  },
  {
    "id": "8b383efd-d92c-458a-9bb0-6e4b449c2a36",
    "data": [
      {
        "text": "turn on personal greetings",
        "userDefined": false
      }
    ],
    "isTemplate": false,
    "count": 0,
    "updated": 0
  },
  {
    "id": "e309186c-fae1-4346-92d6-98df90d1f5d1",
    "data": [
      {
        "text": "start the greetings",
        "userDefined": false
      }
    ],
    "isTemplate": false,
    "count": 0,
    "updated": 0
  },
  {
    "id": "98b7c930-4de6-4488-a9ad-b518604afbc5",
    "data": [
      {
        "text": "activate greetings",
        "userDefined": false
      }
    ],
    "isTemplate": false,
    "count": 0,
    "updated": 0
  },
  {
    "id": "fe310f28-7b15-49c3-8fc4-4e02b2db50e9",
    "data": [
      {
        "text": "turn on the greetings",
        "userDefined": false
      }
    ],
    "isTemplate": false,
    "count": 0,
    "updated": 0
  }
]