[
  {
    "id": "83e8d0ef-35f9-422c-b8b8-8fe78017944c",
    "data": [
      {
        "text": "stop personal greetings",
        "userDefined": false
      }
    ],
    "isTemplate": false,
    "count": 0,
    "updated": 0
  },
  {
    "id": "f2ddabbb-6320-408a-9717-927b90bf9622",
    "data": [
      {
        "text": "turn off personal greetings",
        "userDefined": false
      }
    ],
    "isTemplate": false,
    "count": 0,
    "updated": 0
  },
  {
    "id": "f7708ac2-8165-405d-b368-cdc340265203",
    "data": [
      {
        "text": "stop the greetings",
        "userDefined": false
      }
    ],
    "isTemplate": false,
    "count": 0,
    "updated": 0
  },
  {
    "id": "01983646-3540-4ec0-8071-4369b2456015",
    "data": [
      {
        "text": "deactivate the greetings",
        "userDefined": false
      }
    ],
    "isTemplate": false,
    "count": 0,
    "updated": 0
  },
  {
    "id": "01926285-2c69-417e-b8cd-6d2daeac693c",
    "data": [
      {
        "text": "turn off greetings",
        "userDefined": false
      }
    ],
    "isTemplate": false,
    "count": 0,
    "updated": 0
  }
]