[
  {
    "id": "b0fc6e71-8295-48e7-b177-b830776a4f8a",
    "data": [
      {
        "text": "tell me something about yourself",
        "userDefined": false
      }
    ],
    "isTemplate": false,
    "count": 0,
    "updated": 0
  },
  {
    "id": "85013bf2-5ddb-49d2-9b31-9bb2b38294fb",
    "data": [
      {
        "text": "tell me about your capabilities",
        "userDefined": false
      }
    ],
    "isTemplate": false,
    "count": 0,
    "updated": 0
  },
  {
    "id": "3c87bdc3-734c-42cb-a4ee-77137a5eefef",
    "data": [
      {
        "text": "what are your capabilities?",
        "userDefined": false
      }
    ],
    "isTemplate": false,
    "count": 0,
    "updated": 0
  },
  {
    "id": "20789da8-59bc-4b6f-84fe-70f7e6923041",
    "data": [
      {
        "text": "tell me about your features",
        "userDefined": false
      }
    ],
    "isTemplate": false,
    "count": 0,
    "updated": 0
  },
  {
    "id": "e00f128a-9b18-40f1-aecf-1a18e3266197",
    "data": [
      {
        "text": "what are your features?",
        "userDefined": false
      }
    ],
    "isTemplate": false,
    "count": 0,
    "updated": 0
  },
  {
    "id": "738bdc16-73dd-4376-ae36-d4867a728d5d",
    "data": [
      {
        "text": "what can you do?",
        "userDefined": false
      }
    ],
    "isTemplate": false,
    "count": 0,
    "updated": 0
  },
  {
    "id": "7aaab3d1-d848-47e8-91e5-acae3e432b78",
    "data": [
      {
        "text": "tell me about yourself?",
        "userDefined": false
      }
    ],
    "isTemplate": false,
    "count": 0,
    "updated": 0
  }
]