[
  {
    "id": "546ca9a5-b984-4027-8052-47cbb99a4995",
    "data": [
      {
        "text": "activate the ",
        "userDefined": false
      },
      {
        "text": "misty",
        "meta": "@sys.ignore",
        "userDefined": false
      },
      {
        "text": " info timer",
        "userDefined": false
      }
    ],
    "isTemplate": false,
    "count": 0,
    "updated": 0
  },
  {
    "id": "61caf245-cf5e-48de-a57d-b137431014f4",
    "data": [
      {
        "text": "start ",
        "userDefined": false
      },
      {
        "text": "the misty",
        "meta": "@sys.ignore",
        "userDefined": false
      },
      {
        "text": " info timer",
        "userDefined": false
      }
    ],
    "isTemplate": false,
    "count": 0,
    "updated": 0
  },
  {
    "id": "fae45819-9f01-45c3-a9e0-69d853522c9a",
    "data": [
      {
        "text": "turn on ",
        "userDefined": false
      },
      {
        "text": "the misty",
        "meta": "@sys.ignore",
        "userDefined": false
      },
      {
        "text": " info timer",
        "userDefined": false
      }
    ],
    "isTemplate": false,
    "count": 0,
    "updated": 0
  }
]