[
  {
    "id": "dab3c6d2-f36c-4bd2-a4ab-cbd3dab4f4cb",
    "data": [
      {
        "text": "your name",
        "userDefined": false
      }
    ],
    "isTemplate": false,
    "count": 1,
    "updated": 0
  },
  {
    "id": "d37b78f0-9f16-4230-bb89-c9b02806cf40",
    "data": [
      {
        "text": "what\u0027s your name",
        "userDefined": false
      }
    ],
    "isTemplate": false,
    "count": 0,
    "updated": 0
  },
  {
    "id": "139036d3-1fd4-4f06-b307-5940f1390f7f",
    "data": [
      {
        "text": "what is your name",
        "userDefined": false
      }
    ],
    "isTemplate": false,
    "count": 0,
    "updated": 0
  },
  {
    "id": "2695782f-e3db-43a4-87b7-ca9b62f8cdc6",
    "data": [
      {
        "text": "what are you called",
        "userDefined": false
      }
    ],
    "isTemplate": false,
    "count": 0,
    "updated": 0
  }
]