[
  {
    "id": "01e35473-1cdb-40a6-87c4-7d1c01ffef1a",
    "data": [
      {
        "text": "tell me some news",
        "userDefined": false
      }
    ],
    "isTemplate": false,
    "count": 1,
    "updated": 0
  },
  {
    "id": "ad96fae5-183b-4710-a583-d1e46725efd3",
    "data": [
      {
        "text": "give me some top news stories",
        "userDefined": false
      }
    ],
    "isTemplate": false,
    "count": 0,
    "updated": 0
  },
  {
    "id": "1d0ccc37-4f17-415d-b4af-fc00e029cf68",
    "data": [
      {
        "text": "do you know any news?",
        "userDefined": false
      }
    ],
    "isTemplate": false,
    "count": 0,
    "updated": 0
  },
  {
    "id": "06d767cb-0a3e-4dd4-9b3f-4b82550aa321",
    "data": [
      {
        "text": "what are the headlines?",
        "userDefined": false
      }
    ],
    "isTemplate": false,
    "count": 0,
    "updated": 0
  },
  {
    "id": "6f43d139-f001-49ec-be7c-d3e0efc03433",
    "data": [
      {
        "text": "what are the top new headlines?",
        "userDefined": false
      }
    ],
    "isTemplate": false,
    "count": 0,
    "updated": 0
  },
  {
    "id": "0837be3d-3f78-45da-b850-cce1a1e7e610",
    "data": [
      {
        "text": "tell me the top headlines",
        "userDefined": false
      }
    ],
    "isTemplate": false,
    "count": 0,
    "updated": 0
  }
]