[
  {
    "id": "2a45a546-9f52-469e-bd92-b21ce1bf843b",
    "data": [
      {
        "text": "what is the stock price for ",
        "userDefined": false
      },
      {
        "text": "Microsoft",
        "alias": "company",
        "meta": "@sys.any",
        "userDefined": true
      },
      {
        "text": "?",
        "userDefined": false
      }
    ],
    "isTemplate": false,
    "count": 0,
    "updated": 0
  },
  {
    "id": "614eed9d-a289-418d-a21e-23fa78149015",
    "data": [
      {
        "text": "what is the stock price of ",
        "userDefined": false
      },
      {
        "text": "Microsoft",
        "alias": "company",
        "meta": "@sys.any",
        "userDefined": true
      },
      {
        "text": "?",
        "userDefined": false
      }
    ],
    "isTemplate": false,
    "count": 0,
    "updated": 0
  },
  {
    "id": "13f34386-e2da-4e65-904a-d48258734931",
    "data": [
      {
        "text": "tell me the price of the ",
        "userDefined": false
      },
      {
        "text": "nvidia",
        "alias": "company",
        "meta": "@sys.any",
        "userDefined": true
      },
      {
        "text": " stock?",
        "userDefined": false
      }
    ],
    "isTemplate": false,
    "count": 0,
    "updated": 0
  },
  {
    "id": "b0cb89d7-7ab2-46cd-8c53-cdf06ff53ec7",
    "data": [
      {
        "text": "what is the price of the ",
        "userDefined": false
      },
      {
        "text": "Microsoft",
        "alias": "company",
        "meta": "@sys.any",
        "userDefined": true
      },
      {
        "text": " stock?",
        "userDefined": false
      }
    ],
    "isTemplate": false,
    "count": 0,
    "updated": 0
  }
]