[
  {
    "id": "b3e7e8a5-01d4-4581-9bdd-1ee454386740",
    "data": [
      {
        "text": "do you know any inspirational quotes?",
        "userDefined": false
      }
    ],
    "isTemplate": false,
    "count": 0,
    "updated": 0
  },
  {
    "id": "d6ff2e92-6da7-4a05-b6ef-13871f9429f8",
    "data": [
      {
        "text": "do you know any quotes?",
        "userDefined": false
      }
    ],
    "isTemplate": false,
    "count": 0,
    "updated": 0
  },
  {
    "id": "35aa6b17-fb5c-4ac0-a27e-72d8539656c5",
    "data": [
      {
        "text": "tell me a quote",
        "userDefined": false
      }
    ],
    "isTemplate": false,
    "count": 0,
    "updated": 0
  },
  {
    "id": "d91b98b0-4e0b-4d2d-9333-c41475cfe423",
    "data": [
      {
        "text": "what is a good inspirational quote?",
        "userDefined": false
      }
    ],
    "isTemplate": false,
    "count": 0,
    "updated": 0
  }
]