[
  {
    "id": "19bf3f3d-7ca1-4755-b526-6a7dfb3f2100",
    "data": [
      {
        "text": "what ",
        "userDefined": false
      },
      {
        "text": "jokes",
        "meta": "@sys.ignore",
        "userDefined": true
      },
      {
        "text": " do you know?",
        "userDefined": false
      }
    ],
    "isTemplate": false,
    "count": 0,
    "updated": 0
  },
  {
    "id": "6f761cb4-496d-4c67-b161-1df1f17a0659",
    "data": [
      {
        "text": "joke of the day",
        "userDefined": false
      }
    ],
    "isTemplate": false,
    "count": 0,
    "updated": 0
  },
  {
    "id": "72ed7c6a-5727-4239-b26c-5a6fb3c79805",
    "data": [
      {
        "text": "do you know any jokes?",
        "userDefined": false
      }
    ],
    "isTemplate": false,
    "count": 0,
    "updated": 0
  },
  {
    "id": "2bcd88f0-1d8a-4c57-9b32-fdb32fdbc3e0",
    "data": [
      {
        "text": "tell me a joke",
        "userDefined": false
      }
    ],
    "isTemplate": false,
    "count": 0,
    "updated": 0
  }
]