[
  {
    "id": "51dcaef4-27f2-4942-80a9-dae65f371e88",
    "data": [
      {
        "text": "tell me about restaurants in the area",
        "userDefined": false
      }
    ],
    "isTemplate": false,
    "count": 0,
    "updated": 0
  },
  {
    "id": "ac32a770-7d91-426f-8b01-559df6e7fe59",
    "data": [
      {
        "text": "where is a good place to get some food?",
        "userDefined": false
      }
    ],
    "isTemplate": false,
    "count": 0,
    "updated": 0
  },
  {
    "id": "8d98b9a2-5090-49ef-992f-0d3327226df1",
    "data": [
      {
        "text": "what restaurants are in the area?",
        "userDefined": false
      }
    ],
    "isTemplate": false,
    "count": 0,
    "updated": 0
  },
  {
    "id": "81815b24-b3aa-4ec2-8078-a7642cfe4149",
    "data": [
      {
        "text": "what is a good restaurant?",
        "userDefined": false
      }
    ],
    "isTemplate": false,
    "count": 0,
    "updated": 0
  }
]