[
  {
    "id": "af7abf6c-008d-48f8-8bbc-e94a8f0e5b7c",
    "data": [
      {
        "text": "current weather",
        "userDefined": false
      }
    ],
    "isTemplate": false,
    "count": 0,
    "updated": 0
  },
  {
    "id": "5484481b-afac-461b-b1ee-fe6064c0e97b",
    "data": [
      {
        "text": "what is the current weather?",
        "userDefined": false
      }
    ],
    "isTemplate": false,
    "count": 0,
    "updated": 0
  },
  {
    "id": "324b089f-e53c-40a0-8d86-6a5ed8ae25b2",
    "data": [
      {
        "text": "what is the weather like ",
        "userDefined": false
      },
      {
        "text": "today",
        "alias": "date",
        "meta": "@sys.date",
        "userDefined": false
      },
      {
        "text": "?",
        "userDefined": false
      }
    ],
    "isTemplate": false,
    "count": 0,
    "updated": 0
  },
  {
    "id": "4a4e8188-ac38-4a44-b54e-a0839d1bb1a1",
    "data": [
      {
        "text": "tell me the current temperature?",
        "userDefined": false
      }
    ],
    "isTemplate": false,
    "count": 0,
    "updated": 0
  },
  {
    "id": "3c56999d-455d-4bd2-87fb-19576be98300",
    "data": [
      {
        "text": "current temperature",
        "userDefined": false
      }
    ],
    "isTemplate": false,
    "count": 0,
    "updated": 0
  },
  {
    "id": "b6b0b56f-5984-45bc-b11a-b657ae375e11",
    "data": [
      {
        "text": "what is the current temperature?",
        "userDefined": false
      }
    ],
    "isTemplate": false,
    "count": 0,
    "updated": 0
  }
]