[
  {
    "id": "4ccb7198-b192-4fa9-8d7c-434e34ac2d8e",
    "data": [
      {
        "text": "I am hungry for ",
        "userDefined": false
      },
      {
        "text": "chicken feet",
        "alias": "food",
        "meta": "@food",
        "userDefined": false
      }
    ],
    "isTemplate": false,
    "count": 0,
    "updated": 0
  },
  {
    "id": "9da7e868-9929-4609-938f-59c40433bd22",
    "data": [
      {
        "text": "where can I get a ",
        "userDefined": false
      },
      {
        "text": "fruit juice",
        "alias": "food",
        "meta": "@food",
        "userDefined": false
      },
      {
        "text": " ?",
        "userDefined": false
      }
    ],
    "isTemplate": false,
    "count": 0,
    "updated": 0
  },
  {
    "id": "afa9672a-4c72-4889-b6e0-b9c187a13fd5",
    "data": [
      {
        "text": "do we have any ",
        "userDefined": false
      },
      {
        "text": "printing",
        "alias": "services",
        "meta": "@services",
        "userDefined": false
      },
      {
        "text": " shops around here ?",
        "userDefined": false
      }
    ],
    "isTemplate": false,
    "count": 0,
    "updated": 0
  },
  {
    "id": "d519cafc-74a8-405c-8271-27802264b5ad",
    "data": [
      {
        "text": "what are some ",
        "userDefined": false
      },
      {
        "text": "hardware stores",
        "alias": "places",
        "meta": "@places",
        "userDefined": false
      },
      {
        "text": " around here?",
        "userDefined": false
      }
    ],
    "isTemplate": false,
    "count": 0,
    "updated": 0
  },
  {
    "id": "eeee5d01-0473-4c8c-b8dd-101956377b4f",
    "data": [
      {
        "text": "is there a ",
        "userDefined": false
      },
      {
        "text": "photo studio",
        "alias": "services",
        "meta": "@services",
        "userDefined": false
      },
      {
        "text": " closely ?",
        "userDefined": false
      }
    ],
    "isTemplate": false,
    "count": 0,
    "updated": 0
  },
  {
    "id": "8e47ae56-6bec-4a73-af69-6966412c879d",
    "data": [
      {
        "text": "what are some good ",
        "userDefined": false
      },
      {
        "text": "French",
        "alias": "food",
        "meta": "@food",
        "userDefined": false
      },
      {
        "text": " restaurants around me ?",
        "userDefined": false
      }
    ],
    "isTemplate": false,
    "count": 0,
    "updated": 0
  },
  {
    "id": "8d896f91-fa09-401c-a4b9-801a106702e6",
    "data": [
      {
        "text": "is there a ",
        "userDefined": false
      },
      {
        "text": "hospital",
        "alias": "places",
        "meta": "@places",
        "userDefined": false
      },
      {
        "text": " around ?",
        "userDefined": false
      }
    ],
    "isTemplate": false,
    "count": 0,
    "updated": 0
  },
  {
    "id": "998505f7-000d-4bc3-bf5d-ac7a63bac0a4",
    "data": [
      {
        "text": "where can I get a good ",
        "userDefined": false
      },
      {
        "text": "ramen",
        "alias": "food",
        "meta": "@food",
        "userDefined": false
      }
    ],
    "isTemplate": false,
    "count": 0,
    "updated": 0
  },
  {
    "id": "73b998f8-74f8-4b81-8ef5-8c3e4a128bd4",
    "data": [
      {
        "text": "where can I watch a ",
        "userDefined": false
      },
      {
        "text": "movie",
        "alias": "places",
        "meta": "@places",
        "userDefined": false
      },
      {
        "text": "?",
        "userDefined": false
      }
    ],
    "isTemplate": false,
    "count": 0,
    "updated": 0
  },
  {
    "id": "3e958b87-2ea1-4bd3-9719-0f3dc606c24a",
    "data": [
      {
        "text": "what is a good place to get a ",
        "userDefined": false
      },
      {
        "text": "massage",
        "alias": "services",
        "meta": "@services",
        "userDefined": false
      },
      {
        "text": " around here",
        "userDefined": false
      }
    ],
    "isTemplate": false,
    "count": 0,
    "updated": 0
  },
  {
    "id": "dced607d-d36d-4ce5-acfd-07cb4e6bbaf9",
    "data": [
      {
        "text": "what\u0027s is a good ",
        "userDefined": false
      },
      {
        "text": "pizza",
        "alias": "food",
        "meta": "@food",
        "userDefined": false
      },
      {
        "text": " place around me",
        "userDefined": false
      }
    ],
    "isTemplate": false,
    "count": 0,
    "updated": 0
  },
  {
    "id": "3522c62d-fbf8-466e-b5b5-d8538d1e9ae2",
    "data": [
      {
        "text": "where can I find some ",
        "userDefined": false
      },
      {
        "text": "Italian",
        "alias": "food",
        "meta": "@food",
        "userDefined": false
      },
      {
        "text": " restaurants around me",
        "userDefined": false
      }
    ],
    "isTemplate": false,
    "count": 0,
    "updated": 0
  },
  {
    "id": "3054b014-5236-409a-bb1a-f4ee4a7f81d9",
    "data": [
      {
        "text": "I need some ",
        "userDefined": false
      },
      {
        "text": "Indiana",
        "alias": "food",
        "meta": "@food",
        "userDefined": false
      },
      {
        "text": " food",
        "userDefined": false
      }
    ],
    "isTemplate": false,
    "count": 0,
    "updated": 0
  }
]