[
  {
    "id": "3cf84e66-f83a-455a-9a42-a698560d633a",
    "data": [
      {
        "text": "I am hungry for ",
        "userDefined": false
      },
      {
        "text": "chicken feet",
        "alias": "food",
        "meta": "@food",
        "userDefined": false
      }
    ],
    "isTemplate": false,
    "count": 0,
    "updated": 0
  },
  {
    "id": "6baa437f-076c-4814-8dcf-0199203210ae",
    "data": [
      {
        "text": "where can I get a ",
        "userDefined": false
      },
      {
        "text": "fruit juice",
        "alias": "food",
        "meta": "@food",
        "userDefined": false
      },
      {
        "text": " ?",
        "userDefined": false
      }
    ],
    "isTemplate": false,
    "count": 0,
    "updated": 0
  },
  {
    "id": "88f15311-a098-4ed9-9a7d-b512b3d6c327",
    "data": [
      {
        "text": "do we have any ",
        "userDefined": false
      },
      {
        "text": "printing",
        "alias": "services",
        "meta": "@services",
        "userDefined": false
      },
      {
        "text": " shops around here ?",
        "userDefined": false
      }
    ],
    "isTemplate": false,
    "count": 0,
    "updated": 0
  },
  {
    "id": "808dc913-18d0-47b0-9771-bfaf7b5f236e",
    "data": [
      {
        "text": "what are some ",
        "userDefined": false
      },
      {
        "text": "hardware stores",
        "alias": "places",
        "meta": "@places",
        "userDefined": false
      },
      {
        "text": " around here?",
        "userDefined": false
      }
    ],
    "isTemplate": false,
    "count": 0,
    "updated": 0
  },
  {
    "id": "9448ab4e-f459-41ff-8991-2e54f14d02f2",
    "data": [
      {
        "text": "is there a ",
        "userDefined": false
      },
      {
        "text": "photo studio",
        "alias": "services",
        "meta": "@services",
        "userDefined": false
      },
      {
        "text": " closely ?",
        "userDefined": false
      }
    ],
    "isTemplate": false,
    "count": 0,
    "updated": 0
  },
  {
    "id": "a3add7f1-5c4b-4cf8-bb1c-ec05552497ef",
    "data": [
      {
        "text": "what are some good ",
        "userDefined": false
      },
      {
        "text": "French",
        "alias": "food",
        "meta": "@food",
        "userDefined": false
      },
      {
        "text": " restaurants around me ?",
        "userDefined": false
      }
    ],
    "isTemplate": false,
    "count": 0,
    "updated": 0
  },
  {
    "id": "0cb0a4fa-d674-479a-b73e-7fa9381d2b05",
    "data": [
      {
        "text": "is there a ",
        "userDefined": false
      },
      {
        "text": "hospital",
        "alias": "places",
        "meta": "@places",
        "userDefined": false
      },
      {
        "text": " around ?",
        "userDefined": false
      }
    ],
    "isTemplate": false,
    "count": 0,
    "updated": 0
  },
  {
    "id": "05f9babc-ddd1-475e-88ff-b428dba20ab0",
    "data": [
      {
        "text": "where can I get a good ",
        "userDefined": false
      },
      {
        "text": "ramen",
        "alias": "food",
        "meta": "@food",
        "userDefined": false
      }
    ],
    "isTemplate": false,
    "count": 0,
    "updated": 0
  },
  {
    "id": "72d5a3d7-f245-4d6b-8712-27191fa79d1a",
    "data": [
      {
        "text": "where can I watch a ",
        "userDefined": false
      },
      {
        "text": "movie",
        "alias": "places",
        "meta": "@places",
        "userDefined": false
      },
      {
        "text": "?",
        "userDefined": false
      }
    ],
    "isTemplate": false,
    "count": 0,
    "updated": 0
  },
  {
    "id": "9ae1e53a-5bab-4d56-b79a-b4ae6ed41a77",
    "data": [
      {
        "text": "what is a good place to get a ",
        "userDefined": false
      },
      {
        "text": "massage",
        "alias": "services",
        "meta": "@services",
        "userDefined": false
      },
      {
        "text": " around here",
        "userDefined": false
      }
    ],
    "isTemplate": false,
    "count": 0,
    "updated": 0
  },
  {
    "id": "06d00fa4-b564-4a94-b31f-0ea73d60f36f",
    "data": [
      {
        "text": "what\u0027s is a good ",
        "userDefined": false
      },
      {
        "text": "pizza",
        "alias": "food",
        "meta": "@food",
        "userDefined": false
      },
      {
        "text": " place around me",
        "userDefined": false
      }
    ],
    "isTemplate": false,
    "count": 0,
    "updated": 0
  },
  {
    "id": "a08825f7-79c5-4f55-a715-a02b12da19e9",
    "data": [
      {
        "text": "where can I find some ",
        "userDefined": false
      },
      {
        "text": "Italian",
        "alias": "food",
        "meta": "@food",
        "userDefined": false
      },
      {
        "text": " restaurants around me",
        "userDefined": false
      }
    ],
    "isTemplate": false,
    "count": 0,
    "updated": 0
  },
  {
    "id": "d0209098-4a33-4d7f-8639-dc4e1df6ae9e",
    "data": [
      {
        "text": "I need some ",
        "userDefined": false
      },
      {
        "text": "Indiana",
        "alias": "food",
        "meta": "@food",
        "userDefined": false
      },
      {
        "text": " food",
        "userDefined": false
      }
    ],
    "isTemplate": false,
    "count": 0,
    "updated": 0
  }
]