[
  {
    "id": "1151b8b1-64c6-44e9-b740-47898a96515a",
    "data": [
      {
        "text": "your name",
        "userDefined": false
      }
    ],
    "isTemplate": false,
    "count": 1,
    "updated": 0
  },
  {
    "id": "c64d2d4f-1cb6-4338-b674-05f3fecdcdf8",
    "data": [
      {
        "text": "what\u0027s your name",
        "userDefined": false
      }
    ],
    "isTemplate": false,
    "count": 0,
    "updated": 0
  },
  {
    "id": "75181aba-a622-4b19-8bd9-74e76b5d8f5e",
    "data": [
      {
        "text": "what is your name",
        "userDefined": false
      }
    ],
    "isTemplate": false,
    "count": 0,
    "updated": 0
  },
  {
    "id": "7b64d254-6965-4da5-9b89-16b3469c6c77",
    "data": [
      {
        "text": "what are you called",
        "userDefined": false
      }
    ],
    "isTemplate": false,
    "count": 0,
    "updated": 0
  }
]