[
  {
    "id": "06a47e02-37c3-4cda-8b55-1e9c94c0d376",
    "data": [
      {
        "text": "your name",
        "userDefined": false
      }
    ],
    "isTemplate": false,
    "count": 1,
    "updated": 0
  },
  {
    "id": "de8cb6f5-18d1-4d87-9e53-e739a3d42c52",
    "data": [
      {
        "text": "what\u0027s your name",
        "userDefined": false
      }
    ],
    "isTemplate": false,
    "count": 0,
    "updated": 0
  },
  {
    "id": "c3e3b032-377c-4c86-9545-2ae2d4603fed",
    "data": [
      {
        "text": "what is your name",
        "userDefined": false
      }
    ],
    "isTemplate": false,
    "count": 0,
    "updated": 0
  },
  {
    "id": "eaeba491-f1f9-440a-a806-a9fe3e1d2661",
    "data": [
      {
        "text": "what are you called",
        "userDefined": false
      }
    ],
    "isTemplate": false,
    "count": 0,
    "updated": 0
  }
]