[
  {
    "value": "pizza",
    "synonyms": [
      "pizza"
    ]
  },
  {
    "value": "burger",
    "synonyms": [
      "burger",
      "cheese burger",
      "ham burger"
    ]
  },
  {
    "value": "taco",
    "synonyms": [
      "taco"
    ]
  },
  {
    "value": "nachos",
    "synonyms": [
      "nachos"
    ]
  },
  {
    "value": "indian",
    "synonyms": [
      "indian",
      "chicken tikka"
    ]
  },
  {
    "value": "italian",
    "synonyms": [
      "italian",
      "pasta"
    ]
  },
  {
    "value": "beer",
    "synonyms": [
      "beer",
      "brewery"
    ]
  },
  {
    "value": "bar",
    "synonyms": [
      "bar",
      "cocktails"
    ]
  },
  {
    "value": "chinese",
    "synonyms": [
      "chinese"
    ]
  },
  {
    "value": "momos",
    "synonyms": [
      "momos"
    ]
  },
  {
    "value": "breakfast",
    "synonyms": [
      "breakfast",
      "omlet",
      "pancake"
    ]
  },
  {
    "value": "mexican",
    "synonyms": [
      "mexican"
    ]
  },
  {
    "value": "ramen",
    "synonyms": [
      "ramen"
    ]
  },
  {
    "value": "thai food",
    "synonyms": [
      "thai"
    ]
  },
  {
    "value": "burritos",
    "synonyms": [
      "burritos"
    ]
  },
  {
    "value": "cake",
    "synonyms": [
      "cake"
    ]
  },
  {
    "value": "dessert",
    "synonyms": [
      "dessert"
    ]
  },
  {
    "value": "juice",
    "synonyms": [
      "juice",
      "fruit juice"
    ]
  },
  {
    "value": "smoothie",
    "synonyms": [
      "smoothie"
    ]
  },
  {
    "value": "vietnamese",
    "synonyms": [
      "vietnamese"
    ]
  },
  {
    "value": "sushi",
    "synonyms": [
      "sushi"
    ]
  },
  {
    "value": "french",
    "synonyms": [
      "french",
      "crosissant"
    ]
  },
  {
    "value": "crepe",
    "synonyms": [
      "crepe"
    ]
  },
  {
    "value": "soup",
    "synonyms": [
      "soup"
    ]
  },
  {
    "value": "fried chicken",
    "synonyms": [
      "fried chicken"
    ]
  },
  {
    "value": "french fries",
    "synonyms": [
      "french fries"
    ]
  },
  {
    "value": "coffee",
    "synonyms": [
      "coffee"
    ]
  },
  {
    "value": "chicken feet",
    "synonyms": [
      "chicken feet"
    ]
  },
  {
    "value": "fast food",
    "synonyms": [
      "fast food"
    ]
  },
  {
    "value": "steak",
    "synonyms": [
      "steak"
    ]
  },
  {
    "value": "food court",
    "synonyms": [
      "food court"
    ]
  },
  {
    "value": "fish and chips",
    "synonyms": [
      "fish and chips"
    ]
  },
  {
    "value": "yogurt",
    "synonyms": [
      "yogurt"
    ]
  },
  {
    "value": "ice cream",
    "synonyms": [
      "ice cream"
    ]
  },
  {
    "value": "noodle",
    "synonyms": [
      "noodle"
    ]
  },
  {
    "value": "sandwich",
    "synonyms": [
      "sandwich"
    ]
  },
  {
    "value": "tea",
    "synonyms": [
      "tea"
    ]
  },
  {
    "value": "tuna",
    "synonyms": [
      "tuna"
    ]
  },
  {
    "value": "salmon",
    "synonyms": [
      "salmon"
    ]
  },
  {
    "value": "cheese",
    "synonyms": [
      "cheese"
    ]
  },
  {
    "value": "chowder",
    "synonyms": [
      "chowder"
    ]
  },
  {
    "value": "clams",
    "synonyms": [
      "clams"
    ]
  },
  {
    "value": "cupcake",
    "synonyms": [
      "cupcake"
    ]
  },
  {
    "value": "cookies",
    "synonyms": [
      "cookies",
      "cookie"
    ]
  },
  {
    "value": "curry",
    "synonyms": [
      "curry"
    ]
  },
  {
    "value": "cereal",
    "synonyms": [
      "cereal"
    ]
  }
]