[
  {
    "value": "resaurant",
    "synonyms": [
      "resaurant"
    ]
  },
  {
    "value": "church",
    "synonyms": [
      "church"
    ]
  },
  {
    "value": "bar",
    "synonyms": [
      "bar"
    ]
  },
  {
    "value": "club",
    "synonyms": [
      "club"
    ]
  },
  {
    "value": "casino",
    "synonyms": [
      "casino"
    ]
  },
  {
    "value": "yoga studio",
    "synonyms": [
      "yoga studio"
    ]
  },
  {
    "value": "shopping mall",
    "synonyms": [
      "shopping mall",
      "mall"
    ]
  },
  {
    "value": "gaming",
    "synonyms": [
      "gaming",
      "arcade gaming"
    ]
  },
  {
    "value": "hardware store",
    "synonyms": [
      "hardware store"
    ]
  },
  {
    "value": "groceries",
    "synonyms": [
      "groceries",
      "grocery"
    ]
  },
  {
    "value": "pharmacy",
    "synonyms": [
      "pharmacy",
      "medical store"
    ]
  },
  {
    "value": "movie theater",
    "synonyms": [
      "movie theater",
      "movie",
      "theater"
    ]
  },
  {
    "value": "hospital",
    "synonyms": [
      "hospital",
      "cardiology",
      "orthopedics",
      "dental",
      "clinic"
    ]
  },
  {
    "value": "veterinary",
    "synonyms": [
      "veterinary",
      "pet",
      "pet hospital"
    ]
  },
  {
    "value": "ferrari dealership",
    "synonyms": [
      "ferrari dealership"
    ]
  },
  {
    "value": "golf course",
    "synonyms": [
      "golf course"
    ]
  },
  {
    "value": "cafe",
    "synonyms": [
      "cafe"
    ]
  },
  {
    "value": "bakery",
    "synonyms": [
      "bakery",
      "bread"
    ]
  },
  {
    "value": "barbecue",
    "synonyms": [
      "barbecue"
    ]
  },
  {
    "value": "buffet",
    "synonyms": [
      "buffet"
    ]
  },
  {
    "value": "cafeteria",
    "synonyms": [
      "cafeteria"
    ]
  },
  {
    "value": "cajun",
    "synonyms": [
      "cajun"
    ]
  },
  {
    "value": "diner",
    "synonyms": [
      "diner"
    ]
  },
  {
    "value": "drive in restaurant",
    "synonyms": [
      "drive in restaurant"
    ]
  },
  {
    "value": "ethnic",
    "synonyms": [
      "ethnic"
    ]
  },
  {
    "value": "fast food",
    "synonyms": [
      "fast food"
    ]
  },
  {
    "value": "fine dining",
    "synonyms": [
      "fine dining"
    ]
  },
  {
    "value": "food truck",
    "synonyms": [
      "food truck"
    ]
  },
  {
    "value": "gastropub",
    "synonyms": [
      "gastropub"
    ]
  },
  {
    "value": "kosher",
    "synonyms": [
      "kosher"
    ]
  },
  {
    "value": "revolving restaurant",
    "synonyms": [
      "revolving restaurant"
    ]
  },
  {
    "value": "vegan",
    "synonyms": [
      "vegan"
    ]
  },
  {
    "value": "gluten free",
    "synonyms": [
      "gluten free"
    ]
  },
  {
    "value": "automated",
    "synonyms": [
      "automated"
    ]
  },
  {
    "value": "brewery",
    "synonyms": [
      "brewery"
    ]
  },
  {
    "value": "food truck",
    "synonyms": [
      "food truck"
    ]
  },
  {
    "value": "food cart",
    "synonyms": [
      "food cart"
    ]
  },
  {
    "value": "food court",
    "synonyms": [
      "food court"
    ]
  },
  {
    "value": "milk bar",
    "synonyms": [
      "milk bar"
    ]
  },
  {
    "value": "breakfast",
    "synonyms": [
      "breakfast"
    ]
  }
]