[
  {
    "value": "resaurant",
    "synonyms": [
      "resaurant"
    ]
  },
  {
    "value": "church",
    "synonyms": [
      "church"
    ]
  },
  {
    "value": "bar",
    "synonyms": [
      "bar"
    ]
  },
  {
    "value": "club",
    "synonyms": [
      "club"
    ]
  },
  {
    "value": "casino",
    "synonyms": [
      "casino"
    ]
  },
  {
    "value": "yoga studio",
    "synonyms": [
      "yoga studio"
    ]
  },
  {
    "value": "shopping mall",
    "synonyms": [
      "shopping mall",
      "mall"
    ]
  },
  {
    "value": "gaming",
    "synonyms": [
      "gaming",
      "arcade gaming"
    ]
  },
  {
    "value": "hardware store",
    "synonyms": [
      "hardware store"
    ]
  },
  {
    "value": "groceries",
    "synonyms": [
      "groceries",
      "grocery"
    ]
  },
  {
    "value": "pharmacy",
    "synonyms": [
      "pharmacy",
      "medical store"
    ]
  },
  {
    "value": "movie theater",
    "synonyms": [
      "movie theater",
      "movie",
      "theater"
    ]
  },
  {
    "value": "hospital",
    "synonyms": [
      "hospital",
      "cardiology",
      "orthopedics",
      "dental",
      "clinic"
    ]
  },
  {
    "value": "veterinary",
    "synonyms": [
      "veterinary",
      "pet",
      "pet hospital"
    ]
  }
]