[
  {
    "value": "massage",
    "synonyms": [
      "massage"
    ]
  },
  {
    "value": "hair cut",
    "synonyms": [
      "hair cut"
    ]
  },
  {
    "value": "manucire",
    "synonyms": [
      "manucire"
    ]
  },
  {
    "value": "pedicure",
    "synonyms": [
      "pedicure"
    ]
  },
  {
    "value": "foot massage",
    "synonyms": [
      "foot massage"
    ]
  },
  {
    "value": "facial",
    "synonyms": [
      "facial"
    ]
  },
  {
    "value": "printing",
    "synonyms": [
      "printing"
    ]
  },
  {
    "value": "copying",
    "synonyms": [
      "xerox"
    ]
  },
  {
    "value": "photo studio",
    "synonyms": [
      "photo studio",
      "photographer"
    ]
  },
  {
    "value": "doctor",
    "synonyms": [
      "doctor"
    ]
  }
]